{
  "dram_bytes": 1482320640.0,
  "fadd": 397686649.469024,
  "fmul": 432234726.74440587,
  "ffma": 745849190.5709927,
  "time_ns": 6158304.0,
  "kernel_count": 246,
  "total_flops": 2321619757.3554153,
  "arithmetic_intensity": 1.5662061869120405,
  "achieved_flops": 376990118928.10345
}