{
  "dram_bytes": 881263488.0,
  "fadd": 40900154.72123999,
  "fmul": 42585597.13773198,
  "ffma": 182417126.30729902,
  "time_ns": 3065216.0,
  "kernel_count": 319,
  "total_flops": 448320004.47357,
  "arithmetic_intensity": 0.5087241336765447,
  "achieved_flops": 146260493379.1191
}