{
  "dram_bytes": 1484385536.0,
  "fadd": 397732810.00450784,
  "fmul": 432293441.3846381,
  "ffma": 745991245.3547077,
  "time_ns": 6191392.0,
  "kernel_count": 246,
  "total_flops": 2322008742.0985613,
  "arithmetic_intensity": 1.5642895230276357,
  "achieved_flops": 375038237297.61597
}